file,hash
chemi-alerts-prod.json,604188004d48d6fb0dbf26e29cfe00fb
chemi-amnb_nate-prod.json,94054dbbc5fd11ed079afcb19976637d
chemi-amos-prod.json,f43e34a943aaa9b91380a7ab6a4a2a40
chemi-arn_cats-prod.json,c9fab4e27dcf4e6e714626b4fdcd5d1e
chemi-chet-prod.json,ca5acf94fb589361717e80a23d9b1167
chemi-descriptors-prod.json,241170a59508d97ba6ad8b8ef1644b8f
chemi-hazard-prod.json,f636ca4139c9d74a804eab7f5c5a505a
chemi-mordred-prod.json,2dcd4ab83a9a8a9dfd23e162fa83c12b
chemi-ncc_cats-prod.json,a7656ac95de2cb008e4495f13d4f570c
chemi-opera-prod.json,ed4eb076a2ec17c9f28b6b5b84197a83
chemi-padel-prod.json,6fcf401893202140d21660eb296951c4
chemi-pfas_atlas-prod.json,419d9055ff095730939486e55036040f
chemi-pfas_cats-prod.json,2eceacea3691c001fca406a9f4571780
chemi-predictor_models-prod.json,1522841b75359880e3ea73dcb31f7f7d
chemi-rdkit-prod.json,cc9c496fc98e20a0553404e2c5e684f4
chemi-resolver-prod.json,b963b87b255229d0c0914e274c726bb2
chemi-safety-prod.json,458a68d462f4e72f491a444192ed9090
chemi-search-prod.json,9ad697d78c6f72569f5db57bc1e3f946
chemi-services-prod.json,d6037701f0b03d6a79ba70b66e05b864
chemi-stdizer-prod.json,4106603ed79b9558d3b6d1b074d8f2da
chemi-toxprints-prod.json,40d998d2366c9cff81fde2809f94bc17
chemi-webtest-prod.json,fba224a1943f82105a5848f790d8549b
coverage_baseline.json,87d4962fed18531c4d20ee0c4ea9ef7b
ctx-bioactivity-prod.json,00d78796519d0587c988c9b507e1555d
ctx-chemical-prod.json,b96cf05f4905b691160819e50410d64d
ctx-exposure-prod.json,c7c3fb7c237ce98aa68f5eca4704db36
ctx-hazard-prod.json,ec32090627069a2b59d3a026b91f3bf0
ctx_bioactivity_prod.json,71a0893f2f3cae312b7d3d685eec7536
ctx_chemical_prod.json,69bf712e5827a77ea1013e5b6b022413
ctx_exposure_prod.json,523500b206ca49925a62caa0140753ac
ctx_hazard_prod.json,ec32090627069a2b59d3a026b91f3bf0
epi-suite-prod.json,d522f39dcfb75fc7acdb5cfbad4a9dac
